{
  "brand": "Nike",
  "product": "Nice comfy shoes",
  "generated_at": "2025-12-03T08:12:27.139003",
  "ai_model_used": true,
  "variations": [
    {
      "file": "Nike_Modern_ad.jpg",
      "style": "Modern",
      "dimensions": "1080x1080px"
    },
    {
      "file": "Nike_Vibrant_ad.jpg",
      "style": "Vibrant",
      "dimensions": "1080x1080px"
    },
    {
      "file": "Nike_Luxury_ad.jpg",
      "style": "Luxury",
      "dimensions": "1080x1080px"
    },
    {
      "file": "Nike_Tech_ad.jpg",
      "style": "Tech",
      "dimensions": "1080x1080px"
    },
    {
      "file": "Nike_Nature_ad.jpg",
      "style": "Nature",
      "dimensions": "1080x1080px"
    }
  ],
  "total_files": 7
}